"","outcome","exposure","mediator","n_meds","alpha_CI","beta_CI","gamma_CI","alpha_beta","perc_total_effect","BH.FDR","Bonferroni.p","unadj_p","joint_sig"
"1","EXT","Threat","TANNER_STAGE",2,"0.11(-0.04,0.27)","0.13(0.01,0.25)","0.24(0.06,0.41)",0.015323028097773,6.49979880834455,0.300917522902062,0.300917522902062,0.150458761451031,0
"2","EXT","Threat","TotalStars",2,"-0.04(0.14,-0.22)","-0.11(-0.01,-0.21)","0.24(0.06,0.41)",0.00483246166327308,2.04985779311324,0.642395496386948,1,0.5,0
"3","INT","Deprivation","ADAPTATION",1,"0.09(-0.07,0.25)","-0.04(0,-0.08)","0.33(0.16,0.5)",-0.0034364826687285,-1.04136443541543,0.259935719499097,0.259935719499097,0.259935719499097,0
"4","EXT","Deprivation","TANNER_STAGE",2,"-0.06(0.1,-0.22)","0.13(0.01,0.25)","0.27(0.09,0.45)",-0.0084984336688813,-3.17909119449579,0.444056617428869,0.888113234857739,0.444056617428869,0
"5","EXT","Deprivation","TotalStars",2,"-0.12(0.07,-0.31)","-0.11(-0.01,-0.21)","0.27(0.09,0.45)",0.0128918247333161,4.8225694389709,0.444056617428869,0.463054963583794,0.231527481791897,0
