"","outcome","exposure","mediator","n_meds","alpha_CI","beta_CI","gamma_CI","alpha_beta","perc_total_effect","BH.FDR","Bonferroni.p","unadj_p","joint_sig"
"1","INT","Threat","TANNER_STAGE",2,"-0.01(0.1,-0.13)","0.19(0.06,0.33)","0.22(0.09,0.36)",-0.00261801369752944,-1.17811637212325,0.83185484377484,1,0.5,0
"2","INT","Threat","rs_rt",2,"-0.2(-0.06,-0.33)","-0.12(-0.02,-0.23)","0.22(0.09,0.36)",0.0240178738083992,10.8081368649704,0.020941062999788,0.041882125999576,0.020941062999788,1
"3","EXT","Threat","TANNER_STAGE",2,"-0.01(0.1,-0.13)","0.21(0.08,0.34)","0.31(0.19,0.44)",-0.00281522188726071,-0.898935525015279,0.83185484377484,1,0.5,0
"4","EXT","Threat","TotalStars",2,"-0.02(0.11,-0.15)","-0.19(-0.08,-0.31)","0.31(0.19,0.44)",0.00368226998532888,1.17579481656079,0.83185484377484,1,0.5,0
"5","INT","Deprivation","TANNER_STAGE",2,"-0.12(0.01,-0.26)","0.19(0.06,0.33)","0.34(0.2,0.48)",-0.0241135349170907,-7.18184429080445,0.0970429619404897,0.136891232512484,0.0684456162562419,1
"6","INT","Deprivation","rs_rt",2,"-0.12(0.02,-0.27)","-0.12(-0.02,-0.23)","0.34(0.2,0.48)",0.0150134178671464,4.47151484696694,0.0970429619404897,0.194085923880979,0.0970429619404897,1
"7","EXT","Deprivation","TANNER_STAGE",2,"-0.12(0.01,-0.26)","0.21(0.08,0.34)","0.28(0.14,0.42)",-0.0259312347630381,-9.34190745046133,0.136891232512484,0.136891232512484,0.0684456162562419,1
"8","EXT","Deprivation","TotalStars",2,"-0.04(0.1,-0.18)","-0.19(-0.08,-0.31)","0.28(0.14,0.42)",0.00711658676685238,2.56379981696343,0.61993585289642,1,0.5,0
