"","outcome","exposure","mediator","n_meds","alpha_CI","beta_CI","gamma_CI","alpha_beta","perc_total_effect","BH.FDR","Bonferroni.p","unadj_p","joint_sig"
"1","INT","Threat","TANNER_STAGE",2,"0.02(-0.1,0.13)","0.19(0.06,0.33)","0.16(0.02,0.29)",0.00296742125373829,1.90236032133502,0.814400183943782,1,0.5,0
"2","INT","Threat","rs_rt",2,"-0.18(-0.04,-0.32)","-0.12(-0.02,-0.23)","0.16(0.02,0.29)",0.0219305617258592,14.0592881443123,0.0212407302532855,0.041882125999576,0.020941062999788,1
"3","EXT","Threat","TANNER_STAGE",2,"0.02(-0.1,0.13)","0.21(0.08,0.34)","0.27(0.14,0.39)",0.00319094940951993,1.19756454689327,0.872082226077995,1,0.5,0
"4","EXT","Threat","TotalStars",2,"-0.01(0.12,-0.14)","-0.19(-0.08,-0.31)","0.27(0.14,0.39)",0.00221456813100319,0.83112827563384,0.872082226077995,1,0.5,0
"5","INT","Deprivation","TANNER_STAGE",2,"-0.13(0.01,-0.27)","0.19(0.06,0.33)","0.3(0.15,0.44)",-0.0248864681787038,-8.43252062895875,0.137293512947498,0.137293512947498,0.0686467564737491,1
"6","INT","Deprivation","rs_rt",2,"-0.08(0.07,-0.22)","-0.12(-0.02,-0.23)","0.3(0.15,0.44)",0.00930076719746753,3.15146812695994,0.311493605914727,0.622987211829454,0.311493605914727,0
"7","EXT","Deprivation","TANNER_STAGE",2,"-0.13(0.01,-0.27)","0.21(0.08,0.34)","0.21(0.07,0.35)",-0.02676243242576,-12.8558732269763,0.137293512947498,0.137293512947498,0.0686467564737491,1
"8","EXT","Deprivation","TotalStars",2,"-0.03(0.11,-0.18)","-0.19(-0.08,-0.31)","0.21(0.07,0.35)",0.00653973054342272,3.14149123171265,0.65901988657579,1,0.5,0
